{
  "name": "Synx Test 1",
  "version": "0.0.2",
  "description": "Synx pilot app",
  "website": "https://twitter.com/synx_xyz",
  "kind": "app",
  "icon": {
    "md": "./assets/vault.png"
  },
  "supply": 10,
  "price": 0,
  "installAuthority": "76ccd7ramuaJmBcCKEkDkREQ1vCJbFuEaFhYGPwYpHs9",
  "contact": {
    "repository": "https://github.com/Mjavala/synx-xnft"
  },
  "screenshots": ["./assets/app_ss_1.png", "./assets/app_ss_2.png", "./assets/app_ss_3.png"],
  "entrypoints": {
    "default": {
      "web": "./web-build/index.html"
    }
  }
}
